{"CertificateData": {"ID": "X1234572", "Degree": "Bachelor of Engineering", "Year": "2020", "Name": "Gaitonde", "Course": "IT", "Organization": "Mumbai University", "DOB": "16/08/98", "ClassCategory": "First", "College": "Xavier Institute of Engineering"}, "Metadata": {"issuerId": "", "date": "", "Time": "", "schemaVer": 1}, "MerkleRoot": "8bf6a3a8b88e8e308db1c09f49caef7d0ee67b81b14ec2e2e476755dd4df0a07", "MerkleProof": [{"right": "1d5af6e84359118e417a9a8bf262245023653c525a34d8ec3f0047e90049e45d"}, {"left": "92ed96cf2a410b299510f1ba61da7c2cc10dd799e2e6d0a93b3dbee27becfb48"}, {"left": "2a73c60e426ff30621b17d9be84c47a2cf472b93e91c4ccfb3b3e7448f617d72"}, {"right": "15be98bfbdbd745ac8a652454afb986797d18bc8a1cd89356077ee9026ea8769"}]}