{"CertificateData": {"ID": "X1234569", "Degree": "Bachelor of Engineering", "Year": "2021", "Name": "Shashank Shetty", "Course": "IT", "Organization": "Mumbai University", "DOB": "16/08/98", "ClassCategory": "First", "College": "Xavier Institute of Engineering"}, "Metadata": {"issuerId": "", "date": "", "Time": "", "schemaVer": 1}, "MerkleRoot": "8bf6a3a8b88e8e308db1c09f49caef7d0ee67b81b14ec2e2e476755dd4df0a07", "MerkleProof": [{"right": "91c27b2ef3abec0f16eaea538d7bac5ec888086ab5fa3e65dcb4743a0e4df5e8"}, {"left": "a902a94db9850d02d05f028d763518030ea50336d02b63e0fa319b767263a07a"}, {"right": "dd068fce6bb9c6e085d5006593eabbd3ad58ededb69dbeeede92e13ee94804c3"}, {"right": "15be98bfbdbd745ac8a652454afb986797d18bc8a1cd89356077ee9026ea8769"}]}