{"CertificateData": {"ID": "X1234590", "Degree": "Bachelor of Engineering", "Year": "2020", "Name": "Gindal", "Course": "IT", "Organization": "Mumbai University", "DOB": "16/08/98", "ClassCategory": "First", "College": "Xavier Institute of Engineering"}, "Metadata": {"issuerId": "", "date": "", "Time": "", "schemaVer": 1}, "MerkleRoot": "8bf6a3a8b88e8e308db1c09f49caef7d0ee67b81b14ec2e2e476755dd4df0a07", "MerkleProof": [{"left": "9f6e6e58cf012a2d08219d05ab9aff602dd507b3d3f3e059a41dc78439df4f5b"}, {"right": "70285152ce73f39a30ada37baad0ab0d5b54c85e9f32923521cd6cac7e36caa2"}, {"right": "dd068fce6bb9c6e085d5006593eabbd3ad58ededb69dbeeede92e13ee94804c3"}, {"right": "15be98bfbdbd745ac8a652454afb986797d18bc8a1cd89356077ee9026ea8769"}]}