{"CertificateData": {"ID": "X1234570", "Degree": "Bachelor of Engineering", "Year": "2019", "Name": "Bunty", "Course": "IT", "Organization": "Mumbai University", "DOB": "16/08/98", "ClassCategory": "First", "College": "Xavier Institute of Engineering"}, "Metadata": {"issuerId": "", "date": "", "Time": "", "schemaVer": 1}, "MerkleRoot": "8bf6a3a8b88e8e308db1c09f49caef7d0ee67b81b14ec2e2e476755dd4df0a07", "MerkleProof": [{"left": "d7b296c6d4f53062847587ef05811088b1cf374425a578284c5b404c8583c61b"}, {"right": "2f19d463356bcf5e2801528fd1a2012d2e4408c25ad3811b94fe858f9e1845fd"}, {"left": "2a73c60e426ff30621b17d9be84c47a2cf472b93e91c4ccfb3b3e7448f617d72"}, {"right": "15be98bfbdbd745ac8a652454afb986797d18bc8a1cd89356077ee9026ea8769"}]}